model,accuracy,precision,recall,f1_score
DecisionTree,0.8780487804878049,0.6666666666666666,1.0,0.8
KNN,0.8780487804878049,0.6666666666666666,1.0,0.8
RandomForest,0.8780487804878049,0.6666666666666666,1.0,0.8
SVM,0.7560975609756098,0.5,0.3,0.375
LogisticRegression,0.7560975609756098,0.0,0.0,0.0
